,Worker 5,Worker 6,Worker 7,Worker 8,Worker 9
0,"[1.0059880239520957, 1.0059880239520955, 1.0051859447918596, 1.004077856226878, 0.9253112546106003, 0.9979672412012038, 0.980510470101668, 0.9688096449641197, 0.7418645840408234, 0.8162896545405084, 0.9646757497803323, 0.7468439825707895, 0.7365452781109468, 0.7484932105866081, 0.7611470993493973, 0.7172572517350101, 0.6986171775434435, 0.6597759683662626, 0.6473995006550702, 0.6696146706421835]","[1.0059880239520957, 1.005988023952096, 0.9978210395154218, 1.005890649846622, 0.9357681513474624, 0.9952111078566623, 0.9813890939417425, 0.9830651428593615, 0.9144480039700912, 0.8407670983622151, 0.9146451499766298, 0.8773965355501636, 0.8088177602170156, 0.7648452398430705, 0.7816012734002031, 0.752730415766787, 0.7564277295326599, 0.7422915655633637, 0.7023922145316973, 0.69820191089868]","[1.005988023952096, 1.0059880239520957, 0.9552984606576223, 1.0056293306283246, 0.8693928896081556, 0.9942609956568033, 0.9431171628807906, 0.978161527422167, 0.9097921258707689, 0.9129594951901243, 0.7300572767251069, 0.8543547666327146, 0.6898119430628814, 0.6950580494304206, 0.708765857157324, 0.6676283516713948, 0.6684756508902211, 0.6618562020790845, 0.6344159006915139, 0.636828349986364]","[1.0059880239520957, 1.005988023952096, 1.0059821283124684, 1.0056753804224061, 0.9180871898756625, 0.9773462097482544, 0.9923862092418542, 0.9541239411548177, 0.9967619538957456, 0.9039079197273799, 0.896420035269276, 0.8785550572277634, 0.8558069632943434, 0.8439164047499449, 0.7973903451270016, 0.8243586091663729, 0.7636351985918914, 0.7533462587348505, 0.7278818931171698, 0.7500240941760205]","[1.005988023952096, 1.0059880239520962, 0.9913488696229394, 1.0055018872951096, 0.9724324780690229, 0.960864924541245, 0.9224372390982027, 1.0058918122969775, 0.9317260300872947, 0.7694517850214683, 0.8588670602705719, 0.9170429637286929, 0.7569859917379013, 0.7670523190573778, 0.7410600333979546, 0.7475039716628774, 0.7314088110008126, 0.7204317609606934, 0.7136249049063912, 0.7296691049333829]"
